glom,rv,peak,n,series
LC11,0.005,0.09846413319601924,5,2021-08-04.hdf5:Fly1:series_001
LC12,0.005,0.13492625789325768,5,2021-08-04.hdf5:Fly1:series_001
LC15,0.005,0.19372109604791918,5,2021-08-04.hdf5:Fly1:series_001
LC16,0.005,0.10790488817086308,5,2021-08-04.hdf5:Fly1:series_001
LC17,0.005,0.688246023918507,5,2021-08-04.hdf5:Fly1:series_001
LC18,0.005,0.10089188081150906,5,2021-08-04.hdf5:Fly1:series_001
LC21,0.005,0.09667200135918444,5,2021-08-04.hdf5:Fly1:series_001
LC26,0.005,0.2445180911413213,5,2021-08-04.hdf5:Fly1:series_001
LC4,0.005,0.1519713362712187,5,2021-08-04.hdf5:Fly1:series_001
LC6,0.005,0.11336854651222424,5,2021-08-04.hdf5:Fly1:series_001
LC9,0.005,0.09059019879223229,5,2021-08-04.hdf5:Fly1:series_001
LPLC1,0.005,0.11106457809545867,5,2021-08-04.hdf5:Fly1:series_001
LPLC2,0.005,0.13507308190335432,5,2021-08-04.hdf5:Fly1:series_001
LC11,0.1,0.13256498854526935,5,2021-08-04.hdf5:Fly1:series_001
LC12,0.1,0.5293702227057369,5,2021-08-04.hdf5:Fly1:series_001
LC15,0.1,0.41985604174693797,5,2021-08-04.hdf5:Fly1:series_001
LC16,0.1,0.34945061125770743,5,2021-08-04.hdf5:Fly1:series_001
LC17,0.1,0.5264226628257745,5,2021-08-04.hdf5:Fly1:series_001
LC18,0.1,0.20452375575807652,5,2021-08-04.hdf5:Fly1:series_001
LC21,0.1,0.18752924108397004,5,2021-08-04.hdf5:Fly1:series_001
LC26,0.1,0.4149089980319875,5,2021-08-04.hdf5:Fly1:series_001
LC4,0.1,0.1611957440481941,5,2021-08-04.hdf5:Fly1:series_001
LC6,0.1,0.19154254722862304,5,2021-08-04.hdf5:Fly1:series_001
LC9,0.1,0.13191355991980933,5,2021-08-04.hdf5:Fly1:series_001
LPLC1,0.1,0.20151882015764136,5,2021-08-04.hdf5:Fly1:series_001
LPLC2,0.1,0.4444269386542635,5,2021-08-04.hdf5:Fly1:series_001
LC11,0.02,0.06870098181750836,5,2021-08-04.hdf5:Fly1:series_001
LC12,0.02,0.23524855856330543,5,2021-08-04.hdf5:Fly1:series_001
LC15,0.02,0.17879892857039986,5,2021-08-04.hdf5:Fly1:series_001
LC16,0.02,0.11436437194645006,5,2021-08-04.hdf5:Fly1:series_001
LC17,0.02,0.8938448215530956,5,2021-08-04.hdf5:Fly1:series_001
LC18,0.02,0.11485574692519811,5,2021-08-04.hdf5:Fly1:series_001
LC21,0.02,0.0993628857288638,5,2021-08-04.hdf5:Fly1:series_001
LC26,0.02,0.16672612917831303,5,2021-08-04.hdf5:Fly1:series_001
LC4,0.02,0.14794546452452256,5,2021-08-04.hdf5:Fly1:series_001
LC6,0.02,0.11065668438690605,5,2021-08-04.hdf5:Fly1:series_001
LC9,0.02,0.08107837890044974,5,2021-08-04.hdf5:Fly1:series_001
LPLC1,0.02,0.14676983171583155,5,2021-08-04.hdf5:Fly1:series_001
LPLC2,0.02,0.1626783716165524,5,2021-08-04.hdf5:Fly1:series_001
LC11,0.1,0.14641594564071725,5,2021-08-04.hdf5:Fly2:series_004
LC12,0.1,0.40432121831957646,5,2021-08-04.hdf5:Fly2:series_004
LC15,0.1,0.3135177357085718,5,2021-08-04.hdf5:Fly2:series_004
LC16,0.1,0.308738296481307,5,2021-08-04.hdf5:Fly2:series_004
LC17,0.1,0.3751619067903258,5,2021-08-04.hdf5:Fly2:series_004
LC18,0.1,0.1959061433164476,5,2021-08-04.hdf5:Fly2:series_004
LC21,0.1,0.19523427338364835,5,2021-08-04.hdf5:Fly2:series_004
LC26,0.1,0.3145588525803739,5,2021-08-04.hdf5:Fly2:series_004
LC4,0.1,0.19625918751860422,5,2021-08-04.hdf5:Fly2:series_004
LC6,0.1,0.1547770035448329,5,2021-08-04.hdf5:Fly2:series_004
LC9,0.1,0.1444210816306198,5,2021-08-04.hdf5:Fly2:series_004
LPLC1,0.1,0.1965257014878567,5,2021-08-04.hdf5:Fly2:series_004
LPLC2,0.1,0.3166919944513088,5,2021-08-04.hdf5:Fly2:series_004
LC11,0.005,0.08250237365052324,5,2021-08-04.hdf5:Fly2:series_004
LC12,0.005,0.13562123062415207,5,2021-08-04.hdf5:Fly2:series_004
LC15,0.005,0.18364931224971986,5,2021-08-04.hdf5:Fly2:series_004
LC16,0.005,0.0938339900913446,5,2021-08-04.hdf5:Fly2:series_004
LC17,0.005,0.19312401699998077,5,2021-08-04.hdf5:Fly2:series_004
LC18,0.005,0.12374453230745734,5,2021-08-04.hdf5:Fly2:series_004
LC21,0.005,0.09628216390671175,5,2021-08-04.hdf5:Fly2:series_004
LC26,0.005,0.19091135566594516,5,2021-08-04.hdf5:Fly2:series_004
LC4,0.005,0.18172880386894663,5,2021-08-04.hdf5:Fly2:series_004
LC6,0.005,0.09668621903794031,5,2021-08-04.hdf5:Fly2:series_004
LC9,0.005,0.11757626345644571,5,2021-08-04.hdf5:Fly2:series_004
LPLC1,0.005,0.13979306194211052,5,2021-08-04.hdf5:Fly2:series_004
LPLC2,0.005,0.1865183753252629,5,2021-08-04.hdf5:Fly2:series_004
LC11,0.02,0.08542432182710262,5,2021-08-04.hdf5:Fly2:series_004
LC12,0.02,0.17872684445306394,5,2021-08-04.hdf5:Fly2:series_004
LC15,0.02,0.17478889123289848,5,2021-08-04.hdf5:Fly2:series_004
LC16,0.02,0.10650600210370587,5,2021-08-04.hdf5:Fly2:series_004
LC17,0.02,0.2102264496529629,5,2021-08-04.hdf5:Fly2:series_004
LC18,0.02,0.11369263175807465,5,2021-08-04.hdf5:Fly2:series_004
LC21,0.02,0.08191386107544252,5,2021-08-04.hdf5:Fly2:series_004
LC26,0.02,0.15875391371224468,5,2021-08-04.hdf5:Fly2:series_004
LC4,0.02,0.17575585533841204,5,2021-08-04.hdf5:Fly2:series_004
LC6,0.02,0.10088258826963359,5,2021-08-04.hdf5:Fly2:series_004
LC9,0.02,0.06764117454595517,5,2021-08-04.hdf5:Fly2:series_004
LPLC1,0.02,0.17155814535013883,5,2021-08-04.hdf5:Fly2:series_004
LPLC2,0.02,0.15959040101261118,5,2021-08-04.hdf5:Fly2:series_004
LC11,0.1,0.1338150620711682,5,2021-08-04.hdf5:Fly3:series_007
LC12,0.1,0.3744229394120036,5,2021-08-04.hdf5:Fly3:series_007
LC15,0.1,0.2838948917310887,5,2021-08-04.hdf5:Fly3:series_007
LC16,0.1,0.19987428501818427,5,2021-08-04.hdf5:Fly3:series_007
LC17,0.1,0.5121425429383061,5,2021-08-04.hdf5:Fly3:series_007
LC18,0.1,0.23532539815766898,5,2021-08-04.hdf5:Fly3:series_007
LC21,0.1,0.22232288861641963,5,2021-08-04.hdf5:Fly3:series_007
LC26,0.1,0.34986888232147784,5,2021-08-04.hdf5:Fly3:series_007
LC4,0.1,0.15017753204303247,5,2021-08-04.hdf5:Fly3:series_007
LC6,0.1,0.21938842882239631,5,2021-08-04.hdf5:Fly3:series_007
LC9,0.1,0.10057808901151166,5,2021-08-04.hdf5:Fly3:series_007
LPLC1,0.1,0.20176713812096253,5,2021-08-04.hdf5:Fly3:series_007
LPLC2,0.1,0.2782862817593728,5,2021-08-04.hdf5:Fly3:series_007
LC11,0.005,0.08082255689080056,5,2021-08-04.hdf5:Fly3:series_007
LC12,0.005,0.1147176914880329,5,2021-08-04.hdf5:Fly3:series_007
LC15,0.005,0.16089930613880804,5,2021-08-04.hdf5:Fly3:series_007
LC16,0.005,0.10601866042987802,5,2021-08-04.hdf5:Fly3:series_007
LC17,0.005,0.33265268834625444,5,2021-08-04.hdf5:Fly3:series_007
LC18,0.005,0.10445110738988517,5,2021-08-04.hdf5:Fly3:series_007
LC21,0.005,0.11165538508447552,5,2021-08-04.hdf5:Fly3:series_007
LC26,0.005,0.2032747989417271,5,2021-08-04.hdf5:Fly3:series_007
LC4,0.005,0.20866749980746313,5,2021-08-04.hdf5:Fly3:series_007
LC6,0.005,0.11010646279978134,5,2021-08-04.hdf5:Fly3:series_007
LC9,0.005,0.09038082268937223,5,2021-08-04.hdf5:Fly3:series_007
LPLC1,0.005,0.20788638833453227,5,2021-08-04.hdf5:Fly3:series_007
LPLC2,0.005,0.1380246476912071,5,2021-08-04.hdf5:Fly3:series_007
LC11,0.02,0.0919115197972136,5,2021-08-04.hdf5:Fly3:series_007
LC12,0.02,0.15451721119455503,5,2021-08-04.hdf5:Fly3:series_007
LC15,0.02,0.2649693324351956,5,2021-08-04.hdf5:Fly3:series_007
LC16,0.02,0.07790424851503644,5,2021-08-04.hdf5:Fly3:series_007
LC17,0.02,0.27335060709594206,5,2021-08-04.hdf5:Fly3:series_007
LC18,0.02,0.1302171941814156,5,2021-08-04.hdf5:Fly3:series_007
LC21,0.02,0.1220311246607437,5,2021-08-04.hdf5:Fly3:series_007
LC26,0.02,0.21056804286887618,5,2021-08-04.hdf5:Fly3:series_007
LC4,0.02,0.20707736783958391,5,2021-08-04.hdf5:Fly3:series_007
LC6,0.02,0.08811518333417892,5,2021-08-04.hdf5:Fly3:series_007
LC9,0.02,0.06473591431102971,5,2021-08-04.hdf5:Fly3:series_007
LPLC1,0.02,0.17710960844442075,5,2021-08-04.hdf5:Fly3:series_007
LPLC2,0.02,0.1924988669519522,5,2021-08-04.hdf5:Fly3:series_007
LC11,0.005,0.06855341559205845,5,2021-08-11.hdf5:Fly1:series_001
LC12,0.005,0.09707798683619409,5,2021-08-11.hdf5:Fly1:series_001
LC15,0.005,0.18833866427566298,5,2021-08-11.hdf5:Fly1:series_001
LC16,0.005,0.1198954262995366,5,2021-08-11.hdf5:Fly1:series_001
LC17,0.005,0.2598604982678065,5,2021-08-11.hdf5:Fly1:series_001
LC18,0.005,0.10343299009803866,5,2021-08-11.hdf5:Fly1:series_001
LC21,0.005,0.07263463969450282,5,2021-08-11.hdf5:Fly1:series_001
LC26,0.005,0.17980600323394108,5,2021-08-11.hdf5:Fly1:series_001
LC4,0.005,0.11590314072407278,5,2021-08-11.hdf5:Fly1:series_001
LC6,0.005,0.08560334663659734,5,2021-08-11.hdf5:Fly1:series_001
LC9,0.005,0.11690868961094951,5,2021-08-11.hdf5:Fly1:series_001
LPLC1,0.005,0.09465168887110632,5,2021-08-11.hdf5:Fly1:series_001
LPLC2,0.005,0.12358477718711783,5,2021-08-11.hdf5:Fly1:series_001
LC11,0.02,0.10992655164417382,5,2021-08-11.hdf5:Fly1:series_001
LC12,0.02,0.24551357673157267,5,2021-08-11.hdf5:Fly1:series_001
LC15,0.02,0.2781645034843503,5,2021-08-11.hdf5:Fly1:series_001
LC16,0.02,0.1403117906238756,5,2021-08-11.hdf5:Fly1:series_001
LC17,0.02,0.30188827190212286,5,2021-08-11.hdf5:Fly1:series_001
LC18,0.02,0.0650320052612302,5,2021-08-11.hdf5:Fly1:series_001
LC21,0.02,0.10128827036420678,5,2021-08-11.hdf5:Fly1:series_001
LC26,0.02,0.21748351063815502,5,2021-08-11.hdf5:Fly1:series_001
LC4,0.02,0.19488117483453019,5,2021-08-11.hdf5:Fly1:series_001
LC6,0.02,0.11406700854015106,5,2021-08-11.hdf5:Fly1:series_001
LC9,0.02,0.1474781950107338,5,2021-08-11.hdf5:Fly1:series_001
LPLC1,0.02,0.1582661097517836,5,2021-08-11.hdf5:Fly1:series_001
LPLC2,0.02,0.21101379501865636,5,2021-08-11.hdf5:Fly1:series_001
LC11,0.1,0.14188072958052325,5,2021-08-11.hdf5:Fly1:series_001
LC12,0.1,0.648615629844287,5,2021-08-11.hdf5:Fly1:series_001
LC15,0.1,0.2558734723545232,5,2021-08-11.hdf5:Fly1:series_001
LC16,0.1,0.3255376417909938,5,2021-08-11.hdf5:Fly1:series_001
LC17,0.1,0.44885561245136774,5,2021-08-11.hdf5:Fly1:series_001
LC18,0.1,0.19513212146766246,5,2021-08-11.hdf5:Fly1:series_001
LC21,0.1,0.2521383228606304,5,2021-08-11.hdf5:Fly1:series_001
LC26,0.1,0.27216213975774506,5,2021-08-11.hdf5:Fly1:series_001
LC4,0.1,0.220322538829521,5,2021-08-11.hdf5:Fly1:series_001
LC6,0.1,0.2047349111947392,5,2021-08-11.hdf5:Fly1:series_001
LC9,0.1,0.12286122370277144,5,2021-08-11.hdf5:Fly1:series_001
LPLC1,0.1,0.2351392166975895,5,2021-08-11.hdf5:Fly1:series_001
LPLC2,0.1,0.47823854324609255,5,2021-08-11.hdf5:Fly1:series_001
LC11,0.1,0.1377048130484512,5,2021-08-11.hdf5:Fly3:series_007
LC12,0.1,0.518332993508263,5,2021-08-11.hdf5:Fly3:series_007
LC15,0.1,0.3199963583113813,5,2021-08-11.hdf5:Fly3:series_007
LC16,0.1,0.5583711173266552,5,2021-08-11.hdf5:Fly3:series_007
LC17,0.1,0.6346572859138067,5,2021-08-11.hdf5:Fly3:series_007
LC18,0.1,0.19856203898480349,5,2021-08-11.hdf5:Fly3:series_007
LC21,0.1,0.19934945919138186,5,2021-08-11.hdf5:Fly3:series_007
LC26,0.1,0.7167750735044182,5,2021-08-11.hdf5:Fly3:series_007
LC4,0.1,0.2853288187777274,5,2021-08-11.hdf5:Fly3:series_007
LC6,0.1,0.27042770446458625,5,2021-08-11.hdf5:Fly3:series_007
LC9,0.1,0.34610152130207134,5,2021-08-11.hdf5:Fly3:series_007
LPLC1,0.1,0.3225680335279454,5,2021-08-11.hdf5:Fly3:series_007
LPLC2,0.1,0.5430242520872868,5,2021-08-11.hdf5:Fly3:series_007
LC11,0.005,0.0937272882553555,5,2021-08-11.hdf5:Fly3:series_007
LC12,0.005,0.12163561176068578,5,2021-08-11.hdf5:Fly3:series_007
LC15,0.005,0.17540294751461127,5,2021-08-11.hdf5:Fly3:series_007
LC16,0.005,0.0825660324352298,5,2021-08-11.hdf5:Fly3:series_007
LC17,0.005,0.33014638589734496,5,2021-08-11.hdf5:Fly3:series_007
LC18,0.005,0.0910054376140098,5,2021-08-11.hdf5:Fly3:series_007
LC21,0.005,0.08296655821312257,5,2021-08-11.hdf5:Fly3:series_007
LC26,0.005,0.2366653288760936,5,2021-08-11.hdf5:Fly3:series_007
LC4,0.005,0.15239342022081695,5,2021-08-11.hdf5:Fly3:series_007
LC6,0.005,0.06125191866569998,5,2021-08-11.hdf5:Fly3:series_007
LC9,0.005,0.09504454899700385,5,2021-08-11.hdf5:Fly3:series_007
LPLC1,0.005,0.1046528185704834,5,2021-08-11.hdf5:Fly3:series_007
LPLC2,0.005,0.1812796190980281,5,2021-08-11.hdf5:Fly3:series_007
LC11,0.02,0.10905544451342668,5,2021-08-11.hdf5:Fly3:series_007
LC12,0.02,0.2651405622967228,5,2021-08-11.hdf5:Fly3:series_007
LC15,0.02,0.1729711685944721,5,2021-08-11.hdf5:Fly3:series_007
LC16,0.02,0.17635641346927744,5,2021-08-11.hdf5:Fly3:series_007
LC17,0.02,0.46783146799720504,5,2021-08-11.hdf5:Fly3:series_007
LC18,0.02,0.1030715560360572,5,2021-08-11.hdf5:Fly3:series_007
LC21,0.02,0.08172067333030983,5,2021-08-11.hdf5:Fly3:series_007
LC26,0.02,0.1750486612323268,5,2021-08-11.hdf5:Fly3:series_007
LC4,0.02,0.21673294295391474,5,2021-08-11.hdf5:Fly3:series_007
LC6,0.02,0.09274272625132646,5,2021-08-11.hdf5:Fly3:series_007
LC9,0.02,0.09392388177332585,5,2021-08-11.hdf5:Fly3:series_007
LPLC1,0.02,0.20815789508795582,5,2021-08-11.hdf5:Fly3:series_007
LPLC2,0.02,0.27149324933384755,5,2021-08-11.hdf5:Fly3:series_007
LC11,0.1,0.11671235056372095,5,2021-08-20.hdf5:Fly1:series_002
LC12,0.1,0.34385616234895583,5,2021-08-20.hdf5:Fly1:series_002
LC15,0.1,0.2959144847384353,5,2021-08-20.hdf5:Fly1:series_002
LC16,0.1,0.3852069845606442,5,2021-08-20.hdf5:Fly1:series_002
LC17,0.1,0.36273550998794624,5,2021-08-20.hdf5:Fly1:series_002
LC18,0.1,0.14526682186030312,5,2021-08-20.hdf5:Fly1:series_002
LC21,0.1,0.20260837020583716,5,2021-08-20.hdf5:Fly1:series_002
LC26,0.1,0.5389347862301928,5,2021-08-20.hdf5:Fly1:series_002
LC4,0.1,0.18931349798594915,5,2021-08-20.hdf5:Fly1:series_002
LC6,0.1,0.2328806550693253,5,2021-08-20.hdf5:Fly1:series_002
LC9,0.1,0.15458906744261852,5,2021-08-20.hdf5:Fly1:series_002
LPLC1,0.1,0.20624015940702697,5,2021-08-20.hdf5:Fly1:series_002
LPLC2,0.1,0.41574857097525514,5,2021-08-20.hdf5:Fly1:series_002
LC11,0.005,0.08353754396123152,5,2021-08-20.hdf5:Fly1:series_002
LC12,0.005,0.10820447235587702,5,2021-08-20.hdf5:Fly1:series_002
LC15,0.005,0.18744059277798467,5,2021-08-20.hdf5:Fly1:series_002
LC16,0.005,0.11826603601603614,5,2021-08-20.hdf5:Fly1:series_002
LC17,0.005,0.3109592105752446,5,2021-08-20.hdf5:Fly1:series_002
LC18,0.005,0.08097235071221229,5,2021-08-20.hdf5:Fly1:series_002
LC21,0.005,0.07102895926013988,5,2021-08-20.hdf5:Fly1:series_002
LC26,0.005,0.14307686907540773,5,2021-08-20.hdf5:Fly1:series_002
LC4,0.005,0.17409508977334293,5,2021-08-20.hdf5:Fly1:series_002
LC6,0.005,0.1066099699974971,5,2021-08-20.hdf5:Fly1:series_002
LC9,0.005,0.1322911309780808,5,2021-08-20.hdf5:Fly1:series_002
LPLC1,0.005,0.14392763048501647,5,2021-08-20.hdf5:Fly1:series_002
LPLC2,0.005,0.20610700195903017,5,2021-08-20.hdf5:Fly1:series_002
LC11,0.02,0.12972209818659572,5,2021-08-20.hdf5:Fly1:series_002
LC12,0.02,0.2386039773526985,5,2021-08-20.hdf5:Fly1:series_002
LC15,0.02,0.16602663523401134,5,2021-08-20.hdf5:Fly1:series_002
LC16,0.02,0.11722514743155843,5,2021-08-20.hdf5:Fly1:series_002
LC17,0.02,0.25263777447877345,5,2021-08-20.hdf5:Fly1:series_002
LC18,0.02,0.11251130981851251,5,2021-08-20.hdf5:Fly1:series_002
LC21,0.02,0.09618165756750943,5,2021-08-20.hdf5:Fly1:series_002
LC26,0.02,0.2037667318355812,5,2021-08-20.hdf5:Fly1:series_002
LC4,0.02,0.1767539440336744,5,2021-08-20.hdf5:Fly1:series_002
LC6,0.02,0.09356537613847973,5,2021-08-20.hdf5:Fly1:series_002
LC9,0.02,0.13829992092737017,5,2021-08-20.hdf5:Fly1:series_002
LPLC1,0.02,0.22696318607952523,5,2021-08-20.hdf5:Fly1:series_002
LPLC2,0.02,0.25263691335549043,5,2021-08-20.hdf5:Fly1:series_002
LC11,0.02,0.10743928828604207,5,2021-08-25.hdf5:Fly1:series_001
LC12,0.02,0.3865876851038924,5,2021-08-25.hdf5:Fly1:series_001
LC15,0.02,0.16667274831135473,5,2021-08-25.hdf5:Fly1:series_001
LC16,0.02,0.16842326573753919,5,2021-08-25.hdf5:Fly1:series_001
LC17,0.02,0.45191750231473093,5,2021-08-25.hdf5:Fly1:series_001
LC18,0.02,0.1689868977933568,5,2021-08-25.hdf5:Fly1:series_001
LC21,0.02,0.10291881984580087,5,2021-08-25.hdf5:Fly1:series_001
LC26,0.02,0.24552849711988403,5,2021-08-25.hdf5:Fly1:series_001
LC4,0.02,0.22028864574070886,5,2021-08-25.hdf5:Fly1:series_001
LC6,0.02,0.12718596716925168,5,2021-08-25.hdf5:Fly1:series_001
LC9,0.02,0.12501694233048216,5,2021-08-25.hdf5:Fly1:series_001
LPLC1,0.02,0.21439754484631485,5,2021-08-25.hdf5:Fly1:series_001
LPLC2,0.02,0.3329487597531115,5,2021-08-25.hdf5:Fly1:series_001
LC11,0.005,0.08167944622019066,5,2021-08-25.hdf5:Fly1:series_001
LC12,0.005,0.13551729650021777,5,2021-08-25.hdf5:Fly1:series_001
LC15,0.005,0.19982084918510873,5,2021-08-25.hdf5:Fly1:series_001
LC16,0.005,0.09840103725224111,5,2021-08-25.hdf5:Fly1:series_001
LC17,0.005,0.3761705253449373,5,2021-08-25.hdf5:Fly1:series_001
LC18,0.005,0.06492494562661226,5,2021-08-25.hdf5:Fly1:series_001
LC21,0.005,0.07773153157782631,5,2021-08-25.hdf5:Fly1:series_001
LC26,0.005,0.13235856043471964,5,2021-08-25.hdf5:Fly1:series_001
LC4,0.005,0.16797290655215663,5,2021-08-25.hdf5:Fly1:series_001
LC6,0.005,0.09112213689466238,5,2021-08-25.hdf5:Fly1:series_001
LC9,0.005,0.08900336499930873,5,2021-08-25.hdf5:Fly1:series_001
LPLC1,0.005,0.15021044012792092,5,2021-08-25.hdf5:Fly1:series_001
LPLC2,0.005,0.16210984268455825,5,2021-08-25.hdf5:Fly1:series_001
LC11,0.1,0.13856846992619165,5,2021-08-25.hdf5:Fly1:series_001
LC12,0.1,0.6213591428992652,5,2021-08-25.hdf5:Fly1:series_001
LC15,0.1,0.32434967620597555,5,2021-08-25.hdf5:Fly1:series_001
LC16,0.1,0.4121015292478337,5,2021-08-25.hdf5:Fly1:series_001
LC17,0.1,0.6533133004972944,5,2021-08-25.hdf5:Fly1:series_001
LC18,0.1,0.19751180447661992,5,2021-08-25.hdf5:Fly1:series_001
LC21,0.1,0.21858220342032486,5,2021-08-25.hdf5:Fly1:series_001
LC26,0.1,0.7697139718264643,5,2021-08-25.hdf5:Fly1:series_001
LC4,0.1,0.2817361031070426,5,2021-08-25.hdf5:Fly1:series_001
LC6,0.1,0.30769956171996105,5,2021-08-25.hdf5:Fly1:series_001
LC9,0.1,0.1594104137636148,5,2021-08-25.hdf5:Fly1:series_001
LPLC1,0.1,0.3514629133267026,5,2021-08-25.hdf5:Fly1:series_001
LPLC2,0.1,0.7154401893114255,5,2021-08-25.hdf5:Fly1:series_001
LC11,0.1,0.12173121011625813,5,2021-08-25.hdf5:Fly3:series_009
LC12,0.1,0.503345660451145,5,2021-08-25.hdf5:Fly3:series_009
LC15,0.1,0.38283446276670574,5,2021-08-25.hdf5:Fly3:series_009
LC16,0.1,0.19169580295740238,5,2021-08-25.hdf5:Fly3:series_009
LC17,0.1,0.4090864675734682,5,2021-08-25.hdf5:Fly3:series_009
LC18,0.1,0.16918205649942464,5,2021-08-25.hdf5:Fly3:series_009
LC21,0.1,0.275638056410726,5,2021-08-25.hdf5:Fly3:series_009
LC26,0.1,0.2958501140607508,5,2021-08-25.hdf5:Fly3:series_009
LC4,0.1,0.20119595414168784,5,2021-08-25.hdf5:Fly3:series_009
LC6,0.1,0.31216736761092134,5,2021-08-25.hdf5:Fly3:series_009
LC9,0.1,0.11362994801353707,5,2021-08-25.hdf5:Fly3:series_009
LPLC1,0.1,0.28773834524952047,5,2021-08-25.hdf5:Fly3:series_009
LPLC2,0.1,0.43637401409951615,5,2021-08-25.hdf5:Fly3:series_009
LC11,0.005,0.0810231156975443,5,2021-08-25.hdf5:Fly3:series_009
LC12,0.005,0.08980942327296895,5,2021-08-25.hdf5:Fly3:series_009
LC15,0.005,0.18292387552164754,5,2021-08-25.hdf5:Fly3:series_009
LC16,0.005,0.10033964638357826,5,2021-08-25.hdf5:Fly3:series_009
LC17,0.005,0.18632251373458342,5,2021-08-25.hdf5:Fly3:series_009
LC18,0.005,0.10062890548886265,5,2021-08-25.hdf5:Fly3:series_009
LC21,0.005,0.09036829802842475,5,2021-08-25.hdf5:Fly3:series_009
LC26,0.005,0.20217883168332254,5,2021-08-25.hdf5:Fly3:series_009
LC4,0.005,0.1636226667805906,5,2021-08-25.hdf5:Fly3:series_009
LC6,0.005,0.07927487711694227,5,2021-08-25.hdf5:Fly3:series_009
LC9,0.005,0.06232766800860471,5,2021-08-25.hdf5:Fly3:series_009
LPLC1,0.005,0.13713048820480733,5,2021-08-25.hdf5:Fly3:series_009
LPLC2,0.005,0.1420799544333617,5,2021-08-25.hdf5:Fly3:series_009
LC11,0.02,0.07042847769169598,5,2021-08-25.hdf5:Fly3:series_009
LC12,0.02,0.28402504554935915,5,2021-08-25.hdf5:Fly3:series_009
LC15,0.02,0.1248201202752421,5,2021-08-25.hdf5:Fly3:series_009
LC16,0.02,0.08707854205622771,5,2021-08-25.hdf5:Fly3:series_009
LC17,0.02,0.21027850689261068,5,2021-08-25.hdf5:Fly3:series_009
LC18,0.02,0.13360842393304118,5,2021-08-25.hdf5:Fly3:series_009
LC21,0.02,0.10140168780872712,5,2021-08-25.hdf5:Fly3:series_009
LC26,0.02,0.2180633706749512,5,2021-08-25.hdf5:Fly3:series_009
LC4,0.02,0.24650004905380768,5,2021-08-25.hdf5:Fly3:series_009
LC6,0.02,0.09078022601709648,5,2021-08-25.hdf5:Fly3:series_009
LC9,0.02,0.07958984921647491,5,2021-08-25.hdf5:Fly3:series_009
LPLC1,0.02,0.1769093185887264,5,2021-08-25.hdf5:Fly3:series_009
LPLC2,0.02,0.20516976418830807,5,2021-08-25.hdf5:Fly3:series_009
LC11,0.1,0.07969234625337086,5,2021-11-29.hdf5:Fly1:series_002
LC12,0.1,0.2833806033725404,5,2021-11-29.hdf5:Fly1:series_002
LC15,0.1,0.2643097104552151,5,2021-11-29.hdf5:Fly1:series_002
LC16,0.1,0.20499259538610634,5,2021-11-29.hdf5:Fly1:series_002
LC17,0.1,0.29746586941918124,5,2021-11-29.hdf5:Fly1:series_002
LC18,0.1,0.1254384236691197,5,2021-11-29.hdf5:Fly1:series_002
LC21,0.1,0.10293411706654665,5,2021-11-29.hdf5:Fly1:series_002
LC26,0.1,0.3801045771872511,5,2021-11-29.hdf5:Fly1:series_002
LC4,0.1,0.16236276536312036,5,2021-11-29.hdf5:Fly1:series_002
LC6,0.1,0.1403673290254202,5,2021-11-29.hdf5:Fly1:series_002
LC9,0.1,0.07998080918291176,5,2021-11-29.hdf5:Fly1:series_002
LPLC1,0.1,0.2230771551884713,5,2021-11-29.hdf5:Fly1:series_002
LPLC2,0.1,0.39032980536739487,5,2021-11-29.hdf5:Fly1:series_002
LC11,0.02,0.10886328597173456,5,2021-11-29.hdf5:Fly1:series_002
LC12,0.02,0.13138895880705778,5,2021-11-29.hdf5:Fly1:series_002
LC15,0.02,0.1289609302463051,5,2021-11-29.hdf5:Fly1:series_002
LC16,0.02,0.14200382317421226,5,2021-11-29.hdf5:Fly1:series_002
LC17,0.02,0.2525626774263039,5,2021-11-29.hdf5:Fly1:series_002
LC18,0.02,0.10870734092440201,5,2021-11-29.hdf5:Fly1:series_002
LC21,0.02,0.07284762084750986,5,2021-11-29.hdf5:Fly1:series_002
LC26,0.02,0.20456501153520357,5,2021-11-29.hdf5:Fly1:series_002
LC4,0.02,0.2540198733288044,5,2021-11-29.hdf5:Fly1:series_002
LC6,0.02,0.1029872450771528,5,2021-11-29.hdf5:Fly1:series_002
LC9,0.02,0.12472038483231374,5,2021-11-29.hdf5:Fly1:series_002
LPLC1,0.02,0.16373907902969112,5,2021-11-29.hdf5:Fly1:series_002
LPLC2,0.02,0.22209925757262727,5,2021-11-29.hdf5:Fly1:series_002
LC11,0.005,0.07851025343258955,5,2021-11-29.hdf5:Fly1:series_002
LC12,0.005,0.038275936720509496,5,2021-11-29.hdf5:Fly1:series_002
LC15,0.005,0.1776418702858844,5,2021-11-29.hdf5:Fly1:series_002
LC16,0.005,0.07506047932958892,5,2021-11-29.hdf5:Fly1:series_002
LC17,0.005,0.18513676087463543,5,2021-11-29.hdf5:Fly1:series_002
LC18,0.005,0.12009491562000751,5,2021-11-29.hdf5:Fly1:series_002
LC21,0.005,0.06743072968575196,5,2021-11-29.hdf5:Fly1:series_002
LC26,0.005,0.20299987399932018,5,2021-11-29.hdf5:Fly1:series_002
LC4,0.005,0.1229459144076476,5,2021-11-29.hdf5:Fly1:series_002
LC6,0.005,0.060759066525178394,5,2021-11-29.hdf5:Fly1:series_002
LC9,0.005,0.04211665970231273,5,2021-11-29.hdf5:Fly1:series_002
LPLC1,0.005,0.12266310337547363,5,2021-11-29.hdf5:Fly1:series_002
LPLC2,0.005,0.1411351484953711,5,2021-11-29.hdf5:Fly1:series_002
LC11,0.1,0.13873225666504307,5,2021-11-29.hdf5:Fly3:series_008
LC12,0.1,0.47945863021793433,5,2021-11-29.hdf5:Fly3:series_008
LC15,0.1,0.39370880643844497,5,2021-11-29.hdf5:Fly3:series_008
LC16,0.1,0.3475791217813067,5,2021-11-29.hdf5:Fly3:series_008
LC17,0.1,0.5123072185166324,5,2021-11-29.hdf5:Fly3:series_008
LC18,0.1,0.19518436906026576,5,2021-11-29.hdf5:Fly3:series_008
LC21,0.1,0.21085663610269229,5,2021-11-29.hdf5:Fly3:series_008
LC26,0.1,0.5355380886817293,5,2021-11-29.hdf5:Fly3:series_008
LC4,0.1,0.2911126872755689,5,2021-11-29.hdf5:Fly3:series_008
LC6,0.1,0.4063817591621023,5,2021-11-29.hdf5:Fly3:series_008
LC9,0.1,0.2635301662469344,5,2021-11-29.hdf5:Fly3:series_008
LPLC1,0.1,0.37722389347665397,5,2021-11-29.hdf5:Fly3:series_008
LPLC2,0.1,0.5347332420822948,5,2021-11-29.hdf5:Fly3:series_008
LC11,0.02,0.07407845972993017,5,2021-11-29.hdf5:Fly3:series_008
LC12,0.02,0.235790901192184,5,2021-11-29.hdf5:Fly3:series_008
LC15,0.02,0.26288983114435494,5,2021-11-29.hdf5:Fly3:series_008
LC16,0.02,0.12892635630058802,5,2021-11-29.hdf5:Fly3:series_008
LC17,0.02,0.3538455093298981,5,2021-11-29.hdf5:Fly3:series_008
LC18,0.02,0.19684295339641095,5,2021-11-29.hdf5:Fly3:series_008
LC21,0.02,0.10873861259671128,5,2021-11-29.hdf5:Fly3:series_008
LC26,0.02,0.12756400302516308,5,2021-11-29.hdf5:Fly3:series_008
LC4,0.02,0.3058818394233108,5,2021-11-29.hdf5:Fly3:series_008
LC6,0.02,0.13238118144993521,5,2021-11-29.hdf5:Fly3:series_008
LC9,0.02,0.078631442062725,5,2021-11-29.hdf5:Fly3:series_008
LPLC1,0.02,0.1933467794318249,5,2021-11-29.hdf5:Fly3:series_008
LPLC2,0.02,0.265301129492665,5,2021-11-29.hdf5:Fly3:series_008
LC11,0.005,0.12800159607363515,5,2021-11-29.hdf5:Fly3:series_008
LC12,0.005,0.1431840407529556,5,2021-11-29.hdf5:Fly3:series_008
LC15,0.005,0.20624862718043527,5,2021-11-29.hdf5:Fly3:series_008
LC16,0.005,0.10090955615753264,5,2021-11-29.hdf5:Fly3:series_008
LC17,0.005,0.30199124132392374,5,2021-11-29.hdf5:Fly3:series_008
LC18,0.005,0.13340380630057877,5,2021-11-29.hdf5:Fly3:series_008
LC21,0.005,0.11382561038501963,5,2021-11-29.hdf5:Fly3:series_008
LC26,0.005,0.15980535310793728,5,2021-11-29.hdf5:Fly3:series_008
LC4,0.005,0.26697371443698514,5,2021-11-29.hdf5:Fly3:series_008
LC6,0.005,0.06466025112244553,5,2021-11-29.hdf5:Fly3:series_008
LC9,0.005,0.08704632709346447,5,2021-11-29.hdf5:Fly3:series_008
LPLC1,0.005,0.19259754262461337,5,2021-11-29.hdf5:Fly3:series_008
LPLC2,0.005,0.1695937359165335,5,2021-11-29.hdf5:Fly3:series_008
LC11,0.1,0.08319804533357689,100,2022-04-04.hdf5:Fly1:series_002
LC12,0.1,0.3076212160716896,100,2022-04-04.hdf5:Fly1:series_002
LC15,0.1,0.1770679495648912,100,2022-04-04.hdf5:Fly1:series_002
LC16,0.1,0.12170503416389883,100,2022-04-04.hdf5:Fly1:series_002
LC17,0.1,0.19285690636154057,100,2022-04-04.hdf5:Fly1:series_002
LC18,0.1,0.1335571755376556,100,2022-04-04.hdf5:Fly1:series_002
LC21,0.1,0.13591042345370732,100,2022-04-04.hdf5:Fly1:series_002
LC26,0.1,0.19918535638557505,100,2022-04-04.hdf5:Fly1:series_002
LC4,0.1,0.11841802945441512,100,2022-04-04.hdf5:Fly1:series_002
LC6,0.1,0.13581036642422023,100,2022-04-04.hdf5:Fly1:series_002
LC9,0.1,0.07122825453048422,100,2022-04-04.hdf5:Fly1:series_002
LPLC1,0.1,0.1282386593369846,100,2022-04-04.hdf5:Fly1:series_002
LPLC2,0.1,0.26863032598107417,100,2022-04-04.hdf5:Fly1:series_002
LC11,0.1,0.10308606115370336,100,2022-04-04.hdf5:Fly2:series_007
LC12,0.1,0.3051517088927616,100,2022-04-04.hdf5:Fly2:series_007
LC15,0.1,0.17472917822713435,100,2022-04-04.hdf5:Fly2:series_007
LC16,0.1,0.1737386050697069,100,2022-04-04.hdf5:Fly2:series_007
LC17,0.1,0.2197259310365402,100,2022-04-04.hdf5:Fly2:series_007
LC18,0.1,0.11224396988905867,100,2022-04-04.hdf5:Fly2:series_007
LC21,0.1,0.11898010886756039,100,2022-04-04.hdf5:Fly2:series_007
LC26,0.1,0.30325011666266144,100,2022-04-04.hdf5:Fly2:series_007
LC4,0.1,0.18473053230206868,100,2022-04-04.hdf5:Fly2:series_007
LC6,0.1,0.1563457865205806,100,2022-04-04.hdf5:Fly2:series_007
LC9,0.1,0.09878752047133141,100,2022-04-04.hdf5:Fly2:series_007
LPLC1,0.1,0.17928375681918965,100,2022-04-04.hdf5:Fly2:series_007
LPLC2,0.1,0.275719610755278,100,2022-04-04.hdf5:Fly2:series_007
LC11,0.1,0.08456377349934517,100,2022-04-07.hdf5:Fly1:series_001
LC12,0.1,0.35615037432555396,100,2022-04-07.hdf5:Fly1:series_001
LC15,0.1,0.1855143829746712,100,2022-04-07.hdf5:Fly1:series_001
LC16,0.1,0.18989817017286004,100,2022-04-07.hdf5:Fly1:series_001
LC17,0.1,0.23087467007598725,100,2022-04-07.hdf5:Fly1:series_001
LC18,0.1,0.11999464851798779,100,2022-04-07.hdf5:Fly1:series_001
LC21,0.1,0.17170436739449302,100,2022-04-07.hdf5:Fly1:series_001
LC26,0.1,0.18661605178169233,100,2022-04-07.hdf5:Fly1:series_001
LC4,0.1,0.16496972287783243,100,2022-04-07.hdf5:Fly1:series_001
LC6,0.1,0.20225969651196235,100,2022-04-07.hdf5:Fly1:series_001
LC9,0.1,0.1375892473376993,100,2022-04-07.hdf5:Fly1:series_001
LPLC1,0.1,0.1550421557742866,100,2022-04-07.hdf5:Fly1:series_001
LPLC2,0.1,0.3238220513449259,100,2022-04-07.hdf5:Fly1:series_001
LC11,0.1,0.08587051073889983,100,2022-04-12.hdf5:Fly1:series_002
LC12,0.1,0.29432756546511873,100,2022-04-12.hdf5:Fly1:series_002
LC15,0.1,0.16093724543370172,100,2022-04-12.hdf5:Fly1:series_002
LC16,0.1,0.11095176379865287,100,2022-04-12.hdf5:Fly1:series_002
LC17,0.1,0.25815133324953854,100,2022-04-12.hdf5:Fly1:series_002
LC18,0.1,0.09520503223047239,100,2022-04-12.hdf5:Fly1:series_002
LC21,0.1,0.1410240342316742,100,2022-04-12.hdf5:Fly1:series_002
LC26,0.1,0.20502184593462405,100,2022-04-12.hdf5:Fly1:series_002
LC4,0.1,0.14212613138291222,100,2022-04-12.hdf5:Fly1:series_002
LC6,0.1,0.11844644937604569,100,2022-04-12.hdf5:Fly1:series_002
LC9,0.1,0.07923906199731283,100,2022-04-12.hdf5:Fly1:series_002
LPLC1,0.1,0.13012784648726006,100,2022-04-12.hdf5:Fly1:series_002
LPLC2,0.1,0.20550219024672003,100,2022-04-12.hdf5:Fly1:series_002
LC11,0.1,0.0834818499953006,100,2022-04-12.hdf5:Fly2:series_006
LC12,0.1,0.2996784487576375,100,2022-04-12.hdf5:Fly2:series_006
LC15,0.1,0.1831298336593064,100,2022-04-12.hdf5:Fly2:series_006
LC16,0.1,0.0981354939428103,100,2022-04-12.hdf5:Fly2:series_006
LC17,0.1,0.2871529204094489,100,2022-04-12.hdf5:Fly2:series_006
LC18,0.1,0.12114676100029444,100,2022-04-12.hdf5:Fly2:series_006
LC21,0.1,0.12536397658672377,100,2022-04-12.hdf5:Fly2:series_006
LC26,0.1,0.16130814319305567,100,2022-04-12.hdf5:Fly2:series_006
LC4,0.1,0.16236024862645415,100,2022-04-12.hdf5:Fly2:series_006
LC6,0.1,0.09817496984392445,100,2022-04-12.hdf5:Fly2:series_006
LC9,0.1,0.09107357488737247,100,2022-04-12.hdf5:Fly2:series_006
LPLC1,0.1,0.13665694054521293,100,2022-04-12.hdf5:Fly2:series_006
LPLC2,0.1,0.2093976450924702,100,2022-04-12.hdf5:Fly2:series_006
LC11,0.1,0.07532049724098841,100,2022-04-12.hdf5:Fly3:series_009
LC12,0.1,0.21163012659266314,100,2022-04-12.hdf5:Fly3:series_009
LC15,0.1,0.1479263801402501,100,2022-04-12.hdf5:Fly3:series_009
LC16,0.1,0.08536918570606171,100,2022-04-12.hdf5:Fly3:series_009
LC17,0.1,0.1651582982009353,100,2022-04-12.hdf5:Fly3:series_009
LC18,0.1,0.09444836414239802,100,2022-04-12.hdf5:Fly3:series_009
LC21,0.1,0.09661599261788478,100,2022-04-12.hdf5:Fly3:series_009
LC26,0.1,0.15251990600622536,100,2022-04-12.hdf5:Fly3:series_009
LC4,0.1,0.17713082548563164,100,2022-04-12.hdf5:Fly3:series_009
LC6,0.1,0.07880368042932445,100,2022-04-12.hdf5:Fly3:series_009
LC9,0.1,0.07925943471413471,100,2022-04-12.hdf5:Fly3:series_009
LPLC1,0.1,0.11757426880124616,100,2022-04-12.hdf5:Fly3:series_009
LPLC2,0.1,0.16101699492716284,100,2022-04-12.hdf5:Fly3:series_009
LC11,1.6,0.08345114627451328,20,2022-04-19.hdf5:Fly1:series_002
LC12,1.6,0.22674248404572891,20,2022-04-19.hdf5:Fly1:series_002
LC15,1.6,0.1463707300691995,20,2022-04-19.hdf5:Fly1:series_002
LC16,1.6,0.07901771763468715,20,2022-04-19.hdf5:Fly1:series_002
LC17,1.6,0.2191064289055865,20,2022-04-19.hdf5:Fly1:series_002
LC18,1.6,0.14150695936090615,20,2022-04-19.hdf5:Fly1:series_002
LC21,1.6,0.10067828646859825,20,2022-04-19.hdf5:Fly1:series_002
LC26,1.6,0.21242972544920052,20,2022-04-19.hdf5:Fly1:series_002
LC4,1.6,0.20556437169469718,20,2022-04-19.hdf5:Fly1:series_002
LC6,1.6,0.10317016335208991,20,2022-04-19.hdf5:Fly1:series_002
LC9,1.6,0.09367515058979393,20,2022-04-19.hdf5:Fly1:series_002
LPLC1,1.6,0.1231098358412422,20,2022-04-19.hdf5:Fly1:series_002
LPLC2,1.6,0.1557459692991549,20,2022-04-19.hdf5:Fly1:series_002
LC11,0.2,0.07061281117126715,20,2022-04-19.hdf5:Fly1:series_002
LC12,0.2,0.2640266360538736,20,2022-04-19.hdf5:Fly1:series_002
LC15,0.2,0.15476616476910232,20,2022-04-19.hdf5:Fly1:series_002
LC16,0.2,0.06836144500166969,20,2022-04-19.hdf5:Fly1:series_002
LC17,0.2,0.3415776345047957,20,2022-04-19.hdf5:Fly1:series_002
LC18,0.2,0.13014783026721638,20,2022-04-19.hdf5:Fly1:series_002
LC21,0.2,0.10367564882300002,20,2022-04-19.hdf5:Fly1:series_002
LC26,0.2,0.143755114709442,20,2022-04-19.hdf5:Fly1:series_002
LC4,0.2,0.160367039228359,20,2022-04-19.hdf5:Fly1:series_002
LC6,0.2,0.10515569545190337,20,2022-04-19.hdf5:Fly1:series_002
LC9,0.2,0.07766930858027202,20,2022-04-19.hdf5:Fly1:series_002
LPLC1,0.2,0.1062844911605845,20,2022-04-19.hdf5:Fly1:series_002
LPLC2,0.2,0.16844967063478433,20,2022-04-19.hdf5:Fly1:series_002
LC11,0.1,0.0773718024350473,20,2022-04-19.hdf5:Fly1:series_002
LC12,0.1,0.2572034276548628,20,2022-04-19.hdf5:Fly1:series_002
LC15,0.1,0.1465752981324365,20,2022-04-19.hdf5:Fly1:series_002
LC16,0.1,0.0763707126629809,20,2022-04-19.hdf5:Fly1:series_002
LC17,0.1,0.21354729115275156,20,2022-04-19.hdf5:Fly1:series_002
LC18,0.1,0.12013555272345236,20,2022-04-19.hdf5:Fly1:series_002
LC21,0.1,0.10585686926501744,20,2022-04-19.hdf5:Fly1:series_002
LC26,0.1,0.12713081596630965,20,2022-04-19.hdf5:Fly1:series_002
LC4,0.1,0.21135676745697243,20,2022-04-19.hdf5:Fly1:series_002
LC6,0.1,0.10076465183029906,20,2022-04-19.hdf5:Fly1:series_002
LC9,0.1,0.09058150771971554,20,2022-04-19.hdf5:Fly1:series_002
LPLC1,0.1,0.13436267399139645,20,2022-04-19.hdf5:Fly1:series_002
LPLC2,0.1,0.1479150880288182,20,2022-04-19.hdf5:Fly1:series_002
LC11,0.05,0.0687770555290097,20,2022-04-19.hdf5:Fly1:series_002
LC12,0.05,0.21513493175317314,20,2022-04-19.hdf5:Fly1:series_002
LC15,0.05,0.1252409157634061,20,2022-04-19.hdf5:Fly1:series_002
LC16,0.05,0.07206516427110639,20,2022-04-19.hdf5:Fly1:series_002
LC17,0.05,0.17592771922151962,20,2022-04-19.hdf5:Fly1:series_002
LC18,0.05,0.10807485645225816,20,2022-04-19.hdf5:Fly1:series_002
LC21,0.05,0.09370964580407833,20,2022-04-19.hdf5:Fly1:series_002
LC26,0.05,0.2341784113070322,20,2022-04-19.hdf5:Fly1:series_002
LC4,0.05,0.19134477329560703,20,2022-04-19.hdf5:Fly1:series_002
LC6,0.05,0.0804698559785075,20,2022-04-19.hdf5:Fly1:series_002
LC9,0.05,0.08679835908903016,20,2022-04-19.hdf5:Fly1:series_002
LPLC1,0.05,0.1368866241691154,20,2022-04-19.hdf5:Fly1:series_002
LPLC2,0.05,0.1341795207602645,20,2022-04-19.hdf5:Fly1:series_002
LC11,0.8,0.05898091960388787,20,2022-04-19.hdf5:Fly1:series_002
LC12,0.8,0.17402394915512368,20,2022-04-19.hdf5:Fly1:series_002
LC15,0.8,0.11528861686348472,20,2022-04-19.hdf5:Fly1:series_002
LC16,0.8,0.06503279619224431,20,2022-04-19.hdf5:Fly1:series_002
LC17,0.8,0.17465055117402908,20,2022-04-19.hdf5:Fly1:series_002
LC18,0.8,0.11400439262743271,20,2022-04-19.hdf5:Fly1:series_002
LC21,0.8,0.07673430311505822,20,2022-04-19.hdf5:Fly1:series_002
LC26,0.8,0.1575258073594063,20,2022-04-19.hdf5:Fly1:series_002
LC4,0.8,0.17730709869374414,20,2022-04-19.hdf5:Fly1:series_002
LC6,0.8,0.08348465512441809,20,2022-04-19.hdf5:Fly1:series_002
LC9,0.8,0.06479010185222026,20,2022-04-19.hdf5:Fly1:series_002
LPLC1,0.8,0.14195610001246328,20,2022-04-19.hdf5:Fly1:series_002
LPLC2,0.8,0.12094348664891072,20,2022-04-19.hdf5:Fly1:series_002
LC11,0.4,0.07610728649438067,20,2022-04-19.hdf5:Fly1:series_002
LC12,0.4,0.19330306556225715,20,2022-04-19.hdf5:Fly1:series_002
LC15,0.4,0.14587924015391268,20,2022-04-19.hdf5:Fly1:series_002
LC16,0.4,0.06683789658425594,20,2022-04-19.hdf5:Fly1:series_002
LC17,0.4,0.19890700212019657,20,2022-04-19.hdf5:Fly1:series_002
LC18,0.4,0.11424373211804555,20,2022-04-19.hdf5:Fly1:series_002
LC21,0.4,0.12027376988048519,20,2022-04-19.hdf5:Fly1:series_002
LC26,0.4,0.17804084926905436,20,2022-04-19.hdf5:Fly1:series_002
LC4,0.4,0.18664211114492354,20,2022-04-19.hdf5:Fly1:series_002
LC6,0.4,0.10080738327399827,20,2022-04-19.hdf5:Fly1:series_002
LC9,0.4,0.08418179198109503,20,2022-04-19.hdf5:Fly1:series_002
LPLC1,0.4,0.1375008489478829,20,2022-04-19.hdf5:Fly1:series_002
LPLC2,0.4,0.15257890455403195,20,2022-04-19.hdf5:Fly1:series_002
LC11,0.8,0.06834920398436506,20,2022-04-19.hdf5:Fly2:series_006
LC12,0.8,0.19394636830948953,20,2022-04-19.hdf5:Fly2:series_006
LC15,0.8,0.15415675702166506,20,2022-04-19.hdf5:Fly2:series_006
LC16,0.8,0.08717234782041453,20,2022-04-19.hdf5:Fly2:series_006
LC17,0.8,0.2466922464297924,20,2022-04-19.hdf5:Fly2:series_006
LC18,0.8,0.08022802714978414,20,2022-04-19.hdf5:Fly2:series_006
LC21,0.8,0.0971910410766055,20,2022-04-19.hdf5:Fly2:series_006
LC26,0.8,0.16981074355341144,20,2022-04-19.hdf5:Fly2:series_006
LC4,0.8,0.11143645782619398,20,2022-04-19.hdf5:Fly2:series_006
LC6,0.8,0.10131231047323867,20,2022-04-19.hdf5:Fly2:series_006
LC9,0.8,0.07660166241728401,20,2022-04-19.hdf5:Fly2:series_006
LPLC1,0.8,0.10906738609250441,20,2022-04-19.hdf5:Fly2:series_006
LPLC2,0.8,0.14714668211635296,20,2022-04-19.hdf5:Fly2:series_006
LC11,0.4,0.0894713894328515,20,2022-04-19.hdf5:Fly2:series_006
LC12,0.4,0.2761058638596903,20,2022-04-19.hdf5:Fly2:series_006
LC15,0.4,0.18796171532646708,20,2022-04-19.hdf5:Fly2:series_006
LC16,0.4,0.12857589963184834,20,2022-04-19.hdf5:Fly2:series_006
LC17,0.4,0.37243501986405353,20,2022-04-19.hdf5:Fly2:series_006
LC18,0.4,0.09619078189016075,20,2022-04-19.hdf5:Fly2:series_006
LC21,0.4,0.1102844924844985,20,2022-04-19.hdf5:Fly2:series_006
LC26,0.4,0.16816087560327836,20,2022-04-19.hdf5:Fly2:series_006
LC4,0.4,0.1576203664399485,20,2022-04-19.hdf5:Fly2:series_006
LC6,0.4,0.14755529991287988,20,2022-04-19.hdf5:Fly2:series_006
LC9,0.4,0.108631313734155,20,2022-04-19.hdf5:Fly2:series_006
LPLC1,0.4,0.1095136946154995,20,2022-04-19.hdf5:Fly2:series_006
LPLC2,0.4,0.18126796792782296,20,2022-04-19.hdf5:Fly2:series_006
LC11,1.6,0.08936779275279254,20,2022-04-19.hdf5:Fly2:series_006
LC12,1.6,0.20619310346800565,20,2022-04-19.hdf5:Fly2:series_006
LC15,1.6,0.208693715645566,20,2022-04-19.hdf5:Fly2:series_006
LC16,1.6,0.10432781689370696,20,2022-04-19.hdf5:Fly2:series_006
LC17,1.6,0.2431590665078613,20,2022-04-19.hdf5:Fly2:series_006
LC18,1.6,0.0946291817993157,20,2022-04-19.hdf5:Fly2:series_006
LC21,1.6,0.10395708120077993,20,2022-04-19.hdf5:Fly2:series_006
LC26,1.6,0.17331641376417165,20,2022-04-19.hdf5:Fly2:series_006
LC4,1.6,0.13345725267743283,20,2022-04-19.hdf5:Fly2:series_006
LC6,1.6,0.1008043765298368,20,2022-04-19.hdf5:Fly2:series_006
LC9,1.6,0.08360034625660093,20,2022-04-19.hdf5:Fly2:series_006
LPLC1,1.6,0.10583149569398001,20,2022-04-19.hdf5:Fly2:series_006
LPLC2,1.6,0.1558948533843689,20,2022-04-19.hdf5:Fly2:series_006
LC11,0.1,0.07630072356477405,20,2022-04-19.hdf5:Fly2:series_006
LC12,0.1,0.2614562207002286,20,2022-04-19.hdf5:Fly2:series_006
LC15,0.1,0.1359043536379732,20,2022-04-19.hdf5:Fly2:series_006
LC16,0.1,0.12398382094405687,20,2022-04-19.hdf5:Fly2:series_006
LC17,0.1,0.33031291968673143,20,2022-04-19.hdf5:Fly2:series_006
LC18,0.1,0.1048990269495385,20,2022-04-19.hdf5:Fly2:series_006
LC21,0.1,0.11069131557590588,20,2022-04-19.hdf5:Fly2:series_006
LC26,0.1,0.18467315572747797,20,2022-04-19.hdf5:Fly2:series_006
LC4,0.1,0.14325893245365387,20,2022-04-19.hdf5:Fly2:series_006
LC6,0.1,0.12359907125955034,20,2022-04-19.hdf5:Fly2:series_006
LC9,0.1,0.09259518082705712,20,2022-04-19.hdf5:Fly2:series_006
LPLC1,0.1,0.11459099077369557,20,2022-04-19.hdf5:Fly2:series_006
LPLC2,0.1,0.19490780115848647,20,2022-04-19.hdf5:Fly2:series_006
LC11,0.05,0.07466106205697573,20,2022-04-19.hdf5:Fly2:series_006
LC12,0.05,0.21512786983744242,20,2022-04-19.hdf5:Fly2:series_006
LC15,0.05,0.12668588354958277,20,2022-04-19.hdf5:Fly2:series_006
LC16,0.05,0.09178788574076863,20,2022-04-19.hdf5:Fly2:series_006
LC17,0.05,0.23262435808599397,20,2022-04-19.hdf5:Fly2:series_006
LC18,0.05,0.0949020731916007,20,2022-04-19.hdf5:Fly2:series_006
LC21,0.05,0.08840754429281636,20,2022-04-19.hdf5:Fly2:series_006
LC26,0.05,0.12460586075322758,20,2022-04-19.hdf5:Fly2:series_006
LC4,0.05,0.12787228704636283,20,2022-04-19.hdf5:Fly2:series_006
LC6,0.05,0.09292032119363605,20,2022-04-19.hdf5:Fly2:series_006
LC9,0.05,0.07147248562150744,20,2022-04-19.hdf5:Fly2:series_006
LPLC1,0.05,0.11887586512523998,20,2022-04-19.hdf5:Fly2:series_006
LPLC2,0.05,0.15283063246357015,20,2022-04-19.hdf5:Fly2:series_006
LC11,0.2,0.09649558360324578,20,2022-04-19.hdf5:Fly2:series_006
LC12,0.2,0.2760846268521684,20,2022-04-19.hdf5:Fly2:series_006
LC15,0.2,0.1953629936673547,20,2022-04-19.hdf5:Fly2:series_006
LC16,0.2,0.1390462229052976,20,2022-04-19.hdf5:Fly2:series_006
LC17,0.2,0.33475745611118196,20,2022-04-19.hdf5:Fly2:series_006
LC18,0.2,0.09586856275588912,20,2022-04-19.hdf5:Fly2:series_006
LC21,0.2,0.12438332356161977,20,2022-04-19.hdf5:Fly2:series_006
LC26,0.2,0.1823919109358602,20,2022-04-19.hdf5:Fly2:series_006
LC4,0.2,0.16696552389163405,20,2022-04-19.hdf5:Fly2:series_006
LC6,0.2,0.15004300567631984,20,2022-04-19.hdf5:Fly2:series_006
LC9,0.2,0.11814838063188329,20,2022-04-19.hdf5:Fly2:series_006
LPLC1,0.2,0.13719079202644016,20,2022-04-19.hdf5:Fly2:series_006
LPLC2,0.2,0.21288040230919517,20,2022-04-19.hdf5:Fly2:series_006
LC11,0.1,0.06776977676798102,20,2022-04-19.hdf5:Fly3:series_009
LC12,0.1,0.1956588032348979,20,2022-04-19.hdf5:Fly3:series_009
LC15,0.1,0.18577564272002453,20,2022-04-19.hdf5:Fly3:series_009
LC16,0.1,0.12549896542983058,20,2022-04-19.hdf5:Fly3:series_009
LC17,0.1,0.19879617379938713,20,2022-04-19.hdf5:Fly3:series_009
LC18,0.1,0.11018176387525742,20,2022-04-19.hdf5:Fly3:series_009
LC21,0.1,0.12223014080722275,20,2022-04-19.hdf5:Fly3:series_009
LC26,0.1,0.19282255436142454,20,2022-04-19.hdf5:Fly3:series_009
LC4,0.1,0.14837930462297225,20,2022-04-19.hdf5:Fly3:series_009
LC6,0.1,0.11195567660102071,20,2022-04-19.hdf5:Fly3:series_009
LC9,0.1,0.06494823798115608,20,2022-04-19.hdf5:Fly3:series_009
LPLC1,0.1,0.13921585163077152,20,2022-04-19.hdf5:Fly3:series_009
LPLC2,0.1,0.189801899006623,20,2022-04-19.hdf5:Fly3:series_009
LC11,0.8,0.07295893806937409,20,2022-04-19.hdf5:Fly3:series_009
LC12,0.8,0.17096982644879885,20,2022-04-19.hdf5:Fly3:series_009
LC15,0.8,0.20063040489179965,20,2022-04-19.hdf5:Fly3:series_009
LC16,0.8,0.11321051605250294,20,2022-04-19.hdf5:Fly3:series_009
LC17,0.8,0.1910670973806476,20,2022-04-19.hdf5:Fly3:series_009
LC18,0.8,0.10803996936717239,20,2022-04-19.hdf5:Fly3:series_009
LC21,0.8,0.09682179923237681,20,2022-04-19.hdf5:Fly3:series_009
LC26,0.8,0.1651341968223663,20,2022-04-19.hdf5:Fly3:series_009
LC4,0.8,0.12973330326741447,20,2022-04-19.hdf5:Fly3:series_009
LC6,0.8,0.06584522297510056,20,2022-04-19.hdf5:Fly3:series_009
LC9,0.8,0.0624173308864678,20,2022-04-19.hdf5:Fly3:series_009
LPLC1,0.8,0.11070667178311719,20,2022-04-19.hdf5:Fly3:series_009
LPLC2,0.8,0.14869303293247604,20,2022-04-19.hdf5:Fly3:series_009
LC11,0.2,0.08063086263176625,20,2022-04-19.hdf5:Fly3:series_009
LC12,0.2,0.17767463705551298,20,2022-04-19.hdf5:Fly3:series_009
LC15,0.2,0.1813781077535686,20,2022-04-19.hdf5:Fly3:series_009
LC16,0.2,0.12182109382638681,20,2022-04-19.hdf5:Fly3:series_009
LC17,0.2,0.20873242472465678,20,2022-04-19.hdf5:Fly3:series_009
LC18,0.2,0.10610074891065872,20,2022-04-19.hdf5:Fly3:series_009
LC21,0.2,0.11297135425237999,20,2022-04-19.hdf5:Fly3:series_009
LC26,0.2,0.23044670027954411,20,2022-04-19.hdf5:Fly3:series_009
LC4,0.2,0.13002541107957782,20,2022-04-19.hdf5:Fly3:series_009
LC6,0.2,0.10741744885642612,20,2022-04-19.hdf5:Fly3:series_009
LC9,0.2,0.07773577814513495,20,2022-04-19.hdf5:Fly3:series_009
LPLC1,0.2,0.13910144079141346,20,2022-04-19.hdf5:Fly3:series_009
LPLC2,0.2,0.172581775876244,20,2022-04-19.hdf5:Fly3:series_009
LC11,0.4,0.08835103194918847,20,2022-04-19.hdf5:Fly3:series_009
LC12,0.4,0.19681336280893613,20,2022-04-19.hdf5:Fly3:series_009
LC15,0.4,0.19029319021039173,20,2022-04-19.hdf5:Fly3:series_009
LC16,0.4,0.09653401031252999,20,2022-04-19.hdf5:Fly3:series_009
LC17,0.4,0.21167087403753104,20,2022-04-19.hdf5:Fly3:series_009
LC18,0.4,0.0972170386553168,20,2022-04-19.hdf5:Fly3:series_009
LC21,0.4,0.1232730330428321,20,2022-04-19.hdf5:Fly3:series_009
LC26,0.4,0.19924101132918798,20,2022-04-19.hdf5:Fly3:series_009
LC4,0.4,0.1218312184316028,20,2022-04-19.hdf5:Fly3:series_009
LC6,0.4,0.07524650094850124,20,2022-04-19.hdf5:Fly3:series_009
LC9,0.4,0.06319502732761448,20,2022-04-19.hdf5:Fly3:series_009
LPLC1,0.4,0.12660401365023782,20,2022-04-19.hdf5:Fly3:series_009
LPLC2,0.4,0.17329085083317874,20,2022-04-19.hdf5:Fly3:series_009
LC11,0.05,0.06713909240308033,20,2022-04-19.hdf5:Fly3:series_009
LC12,0.05,0.15520164849377197,20,2022-04-19.hdf5:Fly3:series_009
LC15,0.05,0.12772580515751997,20,2022-04-19.hdf5:Fly3:series_009
LC16,0.05,0.09351899112559023,20,2022-04-19.hdf5:Fly3:series_009
LC17,0.05,0.1892527933501516,20,2022-04-19.hdf5:Fly3:series_009
LC18,0.05,0.092532480306459,20,2022-04-19.hdf5:Fly3:series_009
LC21,0.05,0.094949882592899,20,2022-04-19.hdf5:Fly3:series_009
LC26,0.05,0.133257186608996,20,2022-04-19.hdf5:Fly3:series_009
LC4,0.05,0.1562484046406726,20,2022-04-19.hdf5:Fly3:series_009
LC6,0.05,0.08532076348474385,20,2022-04-19.hdf5:Fly3:series_009
LC9,0.05,0.06614610997817617,20,2022-04-19.hdf5:Fly3:series_009
LPLC1,0.05,0.13522766789147284,20,2022-04-19.hdf5:Fly3:series_009
LPLC2,0.05,0.15943861085788694,20,2022-04-19.hdf5:Fly3:series_009
LC11,1.6,0.0648754617768588,20,2022-04-19.hdf5:Fly3:series_009
LC12,1.6,0.1572145059170003,20,2022-04-19.hdf5:Fly3:series_009
LC15,1.6,0.1851242989500214,20,2022-04-19.hdf5:Fly3:series_009
LC16,1.6,0.07823967562735841,20,2022-04-19.hdf5:Fly3:series_009
LC17,1.6,0.2166489198924612,20,2022-04-19.hdf5:Fly3:series_009
LC18,1.6,0.09732605913234664,20,2022-04-19.hdf5:Fly3:series_009
LC21,1.6,0.1168087331878731,20,2022-04-19.hdf5:Fly3:series_009
LC26,1.6,0.14915864884297583,20,2022-04-19.hdf5:Fly3:series_009
LC4,1.6,0.1430707345319889,20,2022-04-19.hdf5:Fly3:series_009
LC6,1.6,0.07772525324698644,20,2022-04-19.hdf5:Fly3:series_009
LC9,1.6,0.050902629998106984,20,2022-04-19.hdf5:Fly3:series_009
LPLC1,1.6,0.10675427487803187,20,2022-04-19.hdf5:Fly3:series_009
LPLC2,1.6,0.14619156621807847,20,2022-04-19.hdf5:Fly3:series_009
LC11,0.1,0.07753895563917125,100,2022-04-26.hdf5:Fly1:series_001
LC12,0.1,0.2901207484329725,100,2022-04-26.hdf5:Fly1:series_001
LC15,0.1,0.1683850442290206,100,2022-04-26.hdf5:Fly1:series_001
LC16,0.1,0.143109347666748,100,2022-04-26.hdf5:Fly1:series_001
LC17,0.1,0.29474251929357687,100,2022-04-26.hdf5:Fly1:series_001
LC18,0.1,0.10342813458518575,100,2022-04-26.hdf5:Fly1:series_001
LC21,0.1,0.12086068032305892,100,2022-04-26.hdf5:Fly1:series_001
LC26,0.1,0.25624490564220276,100,2022-04-26.hdf5:Fly1:series_001
LC4,0.1,0.18338054349511423,100,2022-04-26.hdf5:Fly1:series_001
LC6,0.1,0.12736520826907133,100,2022-04-26.hdf5:Fly1:series_001
LC9,0.1,0.11475567826375892,100,2022-04-26.hdf5:Fly1:series_001
LPLC1,0.1,0.1536859626497611,100,2022-04-26.hdf5:Fly1:series_001
LPLC2,0.1,0.27613356591842936,100,2022-04-26.hdf5:Fly1:series_001
LC11,0.1,0.06389472567119797,100,2022-04-26.hdf5:Fly1:series_002
LC12,0.1,0.3289102292231739,100,2022-04-26.hdf5:Fly1:series_002
LC15,0.1,0.18787134187132437,100,2022-04-26.hdf5:Fly1:series_002
LC16,0.1,0.16252775683816764,100,2022-04-26.hdf5:Fly1:series_002
LC17,0.1,0.2474110191251573,100,2022-04-26.hdf5:Fly1:series_002
LC18,0.1,0.10871671987306451,100,2022-04-26.hdf5:Fly1:series_002
LC21,0.1,0.13609620929749813,100,2022-04-26.hdf5:Fly1:series_002
LC26,0.1,0.240711905685372,100,2022-04-26.hdf5:Fly1:series_002
LC4,0.1,0.16826702852420566,100,2022-04-26.hdf5:Fly1:series_002
LC6,0.1,0.13158667258320741,100,2022-04-26.hdf5:Fly1:series_002
LC9,0.1,0.10901935168325962,100,2022-04-26.hdf5:Fly1:series_002
LPLC1,0.1,0.14919443911800387,100,2022-04-26.hdf5:Fly1:series_002
LPLC2,0.1,0.3172536129833553,100,2022-04-26.hdf5:Fly1:series_002
LC11,0.1,0.08387129022136902,100,2022-04-26.hdf5:Fly2:series_005
LC12,0.1,0.3287261763503124,100,2022-04-26.hdf5:Fly2:series_005
LC15,0.1,0.18933938018513452,100,2022-04-26.hdf5:Fly2:series_005
LC16,0.1,0.22046264232398266,100,2022-04-26.hdf5:Fly2:series_005
LC17,0.1,0.16925530982705436,100,2022-04-26.hdf5:Fly2:series_005
LC18,0.1,0.12286481215665093,100,2022-04-26.hdf5:Fly2:series_005
LC21,0.1,0.10047721295665396,100,2022-04-26.hdf5:Fly2:series_005
LC26,0.1,0.2575865876731984,100,2022-04-26.hdf5:Fly2:series_005
LC4,0.1,0.15379904377673304,100,2022-04-26.hdf5:Fly2:series_005
LC6,0.1,0.12460294329509936,100,2022-04-26.hdf5:Fly2:series_005
LC9,0.1,0.08236822472001881,100,2022-04-26.hdf5:Fly2:series_005
LPLC1,0.1,0.18088554943142937,100,2022-04-26.hdf5:Fly2:series_005
LPLC2,0.1,0.2612416345932457,100,2022-04-26.hdf5:Fly2:series_005
LC11,0.1,0.10770032153426932,100,2022-04-26.hdf5:Fly2:series_007
LC12,0.1,0.4079933593533622,100,2022-04-26.hdf5:Fly2:series_007
LC15,0.1,0.23771073297800782,100,2022-04-26.hdf5:Fly2:series_007
LC16,0.1,0.25964395715083977,100,2022-04-26.hdf5:Fly2:series_007
LC17,0.1,0.25839145616553416,100,2022-04-26.hdf5:Fly2:series_007
LC18,0.1,0.1444472578179322,100,2022-04-26.hdf5:Fly2:series_007
LC21,0.1,0.1389100783890195,100,2022-04-26.hdf5:Fly2:series_007
LC26,0.1,0.2640091496069265,100,2022-04-26.hdf5:Fly2:series_007
LC4,0.1,0.18213313392415198,100,2022-04-26.hdf5:Fly2:series_007
LC6,0.1,0.15930821602169318,100,2022-04-26.hdf5:Fly2:series_007
LC9,0.1,0.15261922093539312,100,2022-04-26.hdf5:Fly2:series_007
LPLC1,0.1,0.23695341973341957,100,2022-04-26.hdf5:Fly2:series_007
LPLC2,0.1,0.40652252166990366,100,2022-04-26.hdf5:Fly2:series_007
